Player,Org,ProfileURL,Region,MatchID,MapNum,MapName,R2.0,ACS,K,D,A,K:D,KAST,ADR,HS%,FK,FD,SeriesFormat
Ethan,NRG,https://www.vlr.gg/player/11225/ethan,Americas,295605,all,,1.32,245,37,24,23,1.54,84%,164,24%,3,5,bo3
Demon1,NRG,https://www.vlr.gg/player/26171/demon1,Americas,295605,all,,1.16,214,33,26,6,1.27,70%,146,26%,12,5,bo3
Victor,NRG,https://www.vlr.gg/player/261/victor,Americas,295605,all,,1.15,223,35,27,9,1.3,82%,143,28%,8,3,bo3
crashies,NRG,https://www.vlr.gg/player/4/crashies,Americas,295605,all,,1.04,183,29,24,15,1.21,80%,120,28%,3,1,bo3
Marved,NRG,https://www.vlr.gg/player/263/marved,Americas,295605,all,,0.82,153,24,31,20,0.77,80%,109,24%,1,3,bo3
mwzera,FUR,https://www.vlr.gg/player/939/mwzera,Americas,295605,all,,1.29,230,36,29,10,1.24,77%,147,24%,9,8,bo3
Khalil,FUR,https://www.vlr.gg/player/1711/khalil,Americas,295605,all,,0.96,180,29,31,5,0.94,66%,128,32%,1,3,bo3
liazzi,FUR,https://www.vlr.gg/player/2567/liazzi,Americas,295605,all,,0.96,186,27,31,19,0.87,73%,112,36%,3,4,bo3
kon4n,FUR,https://www.vlr.gg/player/1671/kon4n,Americas,295605,all,,0.95,180,26,30,11,0.87,77%,112,14%,2,1,bo3
havoc,FUR,https://www.vlr.gg/player/8706/havoc,Americas,295605,all,,0.32,115,14,37,14,0.38,48%,77,23%,2,11,bo3
wippie,C9,https://www.vlr.gg/player/4373/wippie,Americas,295606,all,,1.16,191,44,37,17,1.19,82%,129,19%,5,3,bo3
OXY,C9,https://www.vlr.gg/player/18796/oxy,Americas,295606,all,,1.1,276,65,56,9,1.16,66%,179,37%,17,13,bo3
vanity,C9,https://www.vlr.gg/player/7870/vanity,Americas,295606,all,,1.07,174,42,41,23,1.02,74%,111,24%,1,10,bo3
Xeppaa,C9,https://www.vlr.gg/player/7871/xeppaa,Americas,295606,all,,1.04,212,52,50,20,1.04,84%,131,27%,8,8,bo3
jakee,C9,https://www.vlr.gg/player/8742/jakee,Americas,295606,all,,0.97,168,37,44,33,0.84,76%,112,20%,1,2,bo3
RgLMeister,MIBR,https://www.vlr.gg/player/5351/rglmeister,Americas,295606,all,,1.12,189,46,39,30,1.18,84%,123,27%,2,4,bo3
jzz,MIBR,https://www.vlr.gg/player/13093/jzz,Americas,295606,all,,0.94,216,50,53,17,0.94,76%,147,29%,11,12,bo3
mazin,MIBR,https://www.vlr.gg/player/8872/mazin,Americas,295606,all,,0.92,178,43,49,27,0.88,71%,118,27%,5,3,bo3
artzin,MIBR,https://www.vlr.gg/player/5957/artzin,Americas,295606,all,,0.87,203,47,51,9,0.92,75%,133,19%,12,7,bo3
frz,MIBR,https://www.vlr.gg/player/651/frz,Americas,295606,all,,0.81,165,42,48,12,0.88,63%,109,23%,6,6,bo3
cauanzin,LOUD,https://www.vlr.gg/player/6193/cauanzin,Americas,295610,all,,1.22,212,36,28,15,1.29,80%,127,33%,5,3,bo3
ambitioN,LOUD,https://www.vlr.gg/player/1575/ambition,Americas,295610,all,,1.15,234,39,29,11,1.34,72%,152,21%,9,7,bo3
Less,LOUD,https://www.vlr.gg/player/8447/less,Americas,295610,all,,1.05,183,29,29,20,1.0,72%,124,33%,5,4,bo3
saadhak,LOUD,https://www.vlr.gg/player/727/saadhak,Americas,295610,all,,0.99,198,30,34,22,0.88,74%,126,21%,3,7,bo3
tuyz,LOUD,https://www.vlr.gg/player/2408/tuyz,Americas,295610,all,,0.88,133,20,28,29,0.71,74%,84,32%,0,3,bo3
zekken,SEN,https://www.vlr.gg/player/4004/zekken,Americas,295610,all,,1.06,224,36,33,8,1.09,70%,141,18%,11,8,bo3
johnqt,SEN,https://www.vlr.gg/player/1265/johnqt,Americas,295610,all,,1.02,186,29,27,11,1.07,72%,125,21%,3,3,bo3
Sacy,SEN,https://www.vlr.gg/player/659/sacy,Americas,295610,all,,1.0,218,31,34,17,0.91,72%,143,25%,4,4,bo3
TenZ,SEN,https://www.vlr.gg/player/9/tenz,Americas,295610,all,,0.99,172,26,28,21,0.93,70%,116,35%,4,2,bo3
Zellsis,SEN,https://www.vlr.gg/player/729/zellsis,Americas,295610,all,,0.75,172,26,32,22,0.81,80%,106,25%,2,5,bo3
aspas,LEV,https://www.vlr.gg/player/8480/aspas,Americas,295611,all,,1.45,293,66,44,16,1.5,77%,198,27%,16,9,bo3
C0M,LEV,https://www.vlr.gg/player/619/c0m,Americas,295611,all,,1.2,209,47,40,23,1.18,73%,134,21%,9,2,bo3
Mazino,LEV,https://www.vlr.gg/player/7603/mazino,Americas,295611,all,,0.91,191,40,46,30,0.87,66%,126,20%,3,7,bo3
tex,LEV,https://www.vlr.gg/player/1818/tex,Americas,295611,all,,0.78,136,30,42,15,0.71,69%,100,35%,3,7,bo3
kiNgg,LEV,https://www.vlr.gg/player/8549/kingg,Americas,295611,all,,0.77,165,35,48,26,0.73,69%,105,29%,1,5,bo3
Cryocells,100T,https://www.vlr.gg/player/4147/cryocells,Americas,295611,all,,1.14,229,51,42,8,1.21,73%,153,25%,9,10,bo3
Boostio,100T,https://www.vlr.gg/player/604/boostio,Americas,295611,all,,1.13,238,52,45,17,1.16,73%,166,25%,9,11,bo3
eeiu,100T,https://www.vlr.gg/player/796/eeiu,Americas,295611,all,,0.94,187,40,42,16,0.95,73%,117,20%,2,2,bo3
bang,100T,https://www.vlr.gg/player/3880/bang,Americas,295611,all,,0.86,184,40,43,12,0.93,71%,115,33%,5,4,bo3
Asuna,100T,https://www.vlr.gg/player/601/asuna,Americas,295611,all,,0.8,182,37,47,13,0.79,74%,106,20%,5,5,bo3
keznit,KRÜ,https://www.vlr.gg/player/2462/keznit,Americas,295615,all,,1.2,263,64,49,10,1.31,66%,173,38%,16,8,bo3
Klaus,KRÜ,https://www.vlr.gg/player/2610/klaus,Americas,295615,all,,1.07,210,49,47,18,1.04,71%,141,24%,9,2,bo3
Shyy,KRÜ,https://www.vlr.gg/player/24007/shyy,Americas,295615,all,,1.07,183,45,40,14,1.12,69%,139,20%,3,5,bo3
mta,KRÜ,https://www.vlr.gg/player/36169/mta,Americas,295615,all,,0.85,179,39,52,37,0.75,68%,109,37%,8,7,bo3
Melser,KRÜ,https://www.vlr.gg/player/1311/melser,Americas,295615,all,,0.64,138,32,49,19,0.65,69%,96,34%,3,7,bo3
valyn,G2,https://www.vlr.gg/player/3885/valyn,Americas,295615,all,,1.26,236,54,44,33,1.23,85%,150,30%,8,5,bo3
JonahP,G2,https://www.vlr.gg/player/4581/jonahp,Americas,295615,all,,1.24,236,56,45,28,1.24,78%,148,29%,3,7,bo3
trent,G2,https://www.vlr.gg/player/15500/trent,Americas,295615,all,,1.02,196,45,46,14,0.98,74%,132,22%,2,7,bo3
leaf,G2,https://www.vlr.gg/player/7873/leaf,Americas,295615,all,,0.92,209,48,50,16,0.96,60%,132,28%,13,17,bo3
neT,G2,https://www.vlr.gg/player/6582/net,Americas,295615,all,,0.78,138,34,44,5,0.77,62%,99,32%,3,3,bo3
mwzera,FUR,https://www.vlr.gg/player/939/mwzera,Americas,295608,all,,1.18,244,38,32,7,1.19,65%,164,26%,7,7,bo3
havoc,FUR,https://www.vlr.gg/player/8706/havoc,Americas,295608,all,,1.03,228,36,32,12,1.12,63%,145,28%,10,9,bo3
kon4n,FUR,https://www.vlr.gg/player/1671/kon4n,Americas,295608,all,,0.91,160,25,31,18,0.81,74%,115,24%,4,1,bo3
Khalil,FUR,https://www.vlr.gg/player/1711/khalil,Americas,295608,all,,0.89,162,25,33,11,0.76,63%,112,22%,2,2,bo3
liazzi,FUR,https://www.vlr.gg/player/2567/liazzi,Americas,295608,all,,0.83,148,23,29,11,0.79,67%,101,34%,2,2,bo3
frz,MIBR,https://www.vlr.gg/player/651/frz,Americas,295608,all,,1.19,232,37,28,11,1.32,63%,154,26%,2,8,bo3
artzin,MIBR,https://www.vlr.gg/player/5957/artzin,Americas,295608,all,,1.09,236,37,33,8,1.12,78%,149,27%,11,7,bo3
RgLMeister,MIBR,https://www.vlr.gg/player/5351/rglmeister,Americas,295608,all,,1.06,169,28,26,12,1.08,74%,120,34%,1,3,bo3
jzz,MIBR,https://www.vlr.gg/player/13093/jzz,Americas,295608,all,,1.01,213,36,32,5,1.12,65%,143,27%,6,5,bo3
mazin,MIBR,https://www.vlr.gg/player/8872/mazin,Americas,295608,all,,0.78,125,19,28,22,0.68,67%,87,34%,1,2,bo3
zekken,SEN,https://www.vlr.gg/player/4004/zekken,Americas,295613,all,,1.21,252,51,42,13,1.21,71%,168,23%,12,8,bo3
johnqt,SEN,https://www.vlr.gg/player/1265/johnqt,Americas,295613,all,,1.18,218,44,35,18,1.26,76%,142,32%,5,4,bo3
Sacy,SEN,https://www.vlr.gg/player/659/sacy,Americas,295613,all,,1.18,194,41,34,33,1.21,81%,133,24%,3,5,bo3
TenZ,SEN,https://www.vlr.gg/player/9/tenz,Americas,295613,all,,1.15,215,43,36,26,1.19,72%,147,30%,8,4,bo3
Zellsis,SEN,https://www.vlr.gg/player/729/zellsis,Americas,295613,all,,1.09,189,39,36,18,1.08,79%,133,24%,4,5,bo3
bang,100T,https://www.vlr.gg/player/3880/bang,Americas,295613,all,,0.97,201,38,42,19,0.9,71%,134,26%,6,7,bo3
Cryocells,100T,https://www.vlr.gg/player/4147/cryocells,Americas,295613,all,,0.92,184,43,41,12,1.05,67%,120,25%,4,4,bo3
eeiu,100T,https://www.vlr.gg/player/796/eeiu,Americas,295613,all,,0.88,153,34,41,19,0.83,69%,105,31%,1,3,bo3
Asuna,100T,https://www.vlr.gg/player/601/asuna,Americas,295613,all,,0.81,197,35,48,19,0.73,67%,129,15%,8,13,bo3
Boostio,100T,https://www.vlr.gg/player/604/boostio,Americas,295613,all,,0.79,166,33,46,13,0.72,71%,114,33%,7,5,bo3
Victor,NRG,https://www.vlr.gg/player/261/victor,Americas,295607,all,,1.3,233,39,28,14,1.39,74%,166,22%,4,6,bo3
Demon1,NRG,https://www.vlr.gg/player/26171/demon1,Americas,295607,all,,1.3,250,43,31,4,1.39,76%,167,36%,9,6,bo3
crashies,NRG,https://www.vlr.gg/player/4/crashies,Americas,295607,all,,1.09,162,26,23,13,1.13,74%,110,21%,3,2,bo3
Marved,NRG,https://www.vlr.gg/player/263/marved,Americas,295607,all,,1.03,219,36,35,23,1.03,78%,135,26%,4,4,bo3
Ethan,NRG,https://www.vlr.gg/player/11225/ethan,Americas,295607,all,,0.87,199,29,36,23,0.81,80%,126,12%,5,3,bo3
vanity,C9,https://www.vlr.gg/player/7870/vanity,Americas,295607,all,,1.07,217,34,33,16,1.03,87%,154,24%,3,1,bo3
wippie,C9,https://www.vlr.gg/player/4373/wippie,Americas,295607,all,,0.94,171,29,30,7,0.97,63%,111,27%,1,3,bo3
Xeppaa,C9,https://www.vlr.gg/player/7871/xeppaa,Americas,295607,all,,0.94,213,31,35,24,0.89,78%,135,21%,2,5,bo3
OXY,C9,https://www.vlr.gg/player/18796/oxy,Americas,295607,all,,0.83,211,34,40,8,0.85,67%,133,31%,12,11,bo3
jakee,C9,https://www.vlr.gg/player/8742/jakee,Americas,295607,all,,0.72,151,25,35,14,0.71,63%,104,29%,3,5,bo3
Less,LOUD,https://www.vlr.gg/player/8447/less,Americas,295612,all,,1.56,254,61,33,16,1.85,84%,165,29%,8,4,bo3
tuyz,LOUD,https://www.vlr.gg/player/2408/tuyz,Americas,295612,all,,1.16,194,45,38,32,1.18,78%,135,37%,6,1,bo3
cauanzin,LOUD,https://www.vlr.gg/player/6193/cauanzin,Americas,295612,all,,0.96,182,43,45,24,0.96,76%,117,33%,10,2,bo3
ambitioN,LOUD,https://www.vlr.gg/player/1575/ambition,Americas,295612,all,,0.88,204,49,50,10,0.98,66%,131,27%,11,8,bo3
saadhak,LOUD,https://www.vlr.gg/player/727/saadhak,Americas,295612,all,,0.87,192,42,48,27,0.88,76%,123,14%,7,9,bo3
kiNgg,LEV,https://www.vlr.gg/player/8549/kingg,Americas,295612,all,,1.14,231,56,45,16,1.24,73%,160,33%,3,5,bo3
C0M,LEV,https://www.vlr.gg/player/619/c0m,Americas,295612,all,,0.93,200,41,48,27,0.85,72%,127,18%,4,7,bo3
aspas,LEV,https://www.vlr.gg/player/8480/aspas,Americas,295612,all,,0.89,181,42,46,8,0.91,66%,124,29%,4,8,bo3
Mazino,LEV,https://www.vlr.gg/player/7603/mazino,Americas,295612,all,,0.78,147,35,45,18,0.78,72%,106,34%,3,10,bo3
tex,LEV,https://www.vlr.gg/player/1818/tex,Americas,295612,all,,0.76,180,40,56,20,0.71,69%,122,24%,11,13,bo3
leaf,G2,https://www.vlr.gg/player/7873/leaf,Americas,295617,all,,1.15,253,44,37,8,1.19,69%,161,30%,11,12,bo3
JonahP,G2,https://www.vlr.gg/player/4581/jonahp,Americas,295617,all,,1.09,195,37,34,15,1.09,77%,138,38%,2,5,bo3
trent,G2,https://www.vlr.gg/player/15500/trent,Americas,295617,all,,0.96,190,34,36,18,0.94,77%,132,26%,2,5,bo3
valyn,G2,https://www.vlr.gg/player/3885/valyn,Americas,295617,all,,0.89,188,33,39,20,0.85,75%,119,24%,6,4,bo3
neT,G2,https://www.vlr.gg/player/6582/net,Americas,295617,all,,0.67,155,31,39,8,0.79,63%,109,38%,1,4,bo3
supamen,EG,https://www.vlr.gg/player/826/supamen,Americas,295617,all,,1.28,249,42,36,18,1.17,77%,150,34%,7,3,bo3
Apoth,EG,https://www.vlr.gg/player/5188/apoth,Americas,295617,all,,1.07,215,42,36,10,1.17,63%,150,32%,4,10,bo3
Derrek,EG,https://www.vlr.gg/player/1533/derrek,Americas,295617,all,,1.05,202,41,35,4,1.17,65%,132,46%,7,3,bo3
jawgemo,EG,https://www.vlr.gg/player/3993/jawgemo,Americas,295617,all,,0.94,197,33,37,18,0.89,62%,137,19%,8,5,bo3
NaturE,EG,https://www.vlr.gg/player/4927/nature,Americas,295617,all,,0.93,155,27,35,25,0.77,79%,97,25%,4,1,bo3
jakee,C9,https://www.vlr.gg/player/8742/jakee,Americas,295609,all,,1.19,194,36,32,16,1.12,81%,125,42%,3,2,bo3
Xeppaa,C9,https://www.vlr.gg/player/7871/xeppaa,Americas,295609,all,,1.1,208,33,33,27,1.0,77%,137,19%,3,6,bo3
vanity,C9,https://www.vlr.gg/player/7870/vanity,Americas,295609,all,,1.04,218,36,35,16,1.03,69%,141,20%,6,2,bo3
wippie,C9,https://www.vlr.gg/player/4373/wippie,Americas,295609,all,,0.8,170,25,33,12,0.76,71%,116,20%,5,5,bo3
OXY,C9,https://www.vlr.gg/player/18796/oxy,Americas,295609,all,,0.79,174,29,38,9,0.76,67%,118,28%,9,7,bo3
RgLMeister,MIBR,https://www.vlr.gg/player/5351/rglmeister,Americas,295609,all,,1.25,233,39,31,22,1.26,77%,162,31%,1,1,bo3
frz,MIBR,https://www.vlr.gg/player/651/frz,Americas,295609,all,,1.18,206,36,28,6,1.29,75%,134,35%,6,4,bo3
jzz,MIBR,https://www.vlr.gg/player/13093/jzz,Americas,295609,all,,1.1,222,38,32,15,1.19,88%,134,31%,8,3,bo3
mazin,MIBR,https://www.vlr.gg/player/8872/mazin,Americas,295609,all,,0.9,188,30,34,18,0.88,69%,131,36%,5,7,bo3
artzin,MIBR,https://www.vlr.gg/player/5957/artzin,Americas,295609,all,,0.77,166,28,34,10,0.82,60%,104,17%,2,11,bo3
aspas,LEV,https://www.vlr.gg/player/8480/aspas,Americas,295614,all,,1.3,252,50,38,13,1.32,75%,170,28%,7,8,bo3
kiNgg,LEV,https://www.vlr.gg/player/8549/kingg,Americas,295614,all,,1.2,226,45,36,13,1.25,75%,142,29%,2,3,bo3
C0M,LEV,https://www.vlr.gg/player/619/c0m,Americas,295614,all,,0.77,154,29,43,34,0.67,68%,99,25%,2,10,bo3
Mazino,LEV,https://www.vlr.gg/player/7603/mazino,Americas,295614,all,,0.73,153,30,44,17,0.68,63%,107,25%,5,6,bo3
tex,LEV,https://www.vlr.gg/player/1818/tex,Americas,295614,all,,0.7,186,37,49,12,0.76,74%,124,23%,6,8,bo3
zekken,SEN,https://www.vlr.gg/player/4004/zekken,Americas,295614,all,,1.35,284,57,39,13,1.46,79%,182,19%,12,7,bo3
Zellsis,SEN,https://www.vlr.gg/player/729/zellsis,Americas,295614,all,,1.06,197,39,40,28,0.97,77%,126,13%,6,4,bo3
Sacy,SEN,https://www.vlr.gg/player/659/sacy,Americas,295614,all,,1.06,196,41,34,23,1.21,75%,132,29%,6,2,bo3
johnqt,SEN,https://www.vlr.gg/player/1265/johnqt,Americas,295614,all,,1.01,191,38,35,17,1.09,86%,121,28%,6,4,bo3
TenZ,SEN,https://www.vlr.gg/player/9/tenz,Americas,295614,all,,0.85,177,34,43,24,0.79,70%,115,18%,5,5,bo3
leaf,G2,https://www.vlr.gg/player/7873/leaf,Americas,295619,all,,1.35,260,34,23,12,1.48,81%,185,19%,10,11,bo3
trent,G2,https://www.vlr.gg/player/15500/trent,Americas,295619,all,,1.26,230,31,27,22,1.15,81%,168,34%,5,2,bo3
neT,G2,https://www.vlr.gg/player/6582/net,Americas,295619,all,,1.23,255,37,29,15,1.28,83%,165,35%,2,1,bo3
valyn,G2,https://www.vlr.gg/player/3885/valyn,Americas,295619,all,,0.97,161,26,25,13,1.04,79%,104,20%,4,2,bo3
JonahP,G2,https://www.vlr.gg/player/4581/jonahp,Americas,295619,all,,0.96,153,27,26,17,1.04,71%,99,18%,0,5,bo3
Shyy,KRÜ,https://www.vlr.gg/player/24007/shyy,Americas,295619,all,,1.13,201,31,29,10,1.07,69%,142,29%,3,2,bo3
keznit,KRÜ,https://www.vlr.gg/player/2462/keznit,Americas,295619,all,,1.05,234,36,31,5,1.16,71%,154,29%,9,3,bo3
mta,KRÜ,https://www.vlr.gg/player/36169/mta,Americas,295619,all,,0.87,180,25,32,14,0.78,67%,116,42%,4,7,bo3
Klaus,KRÜ,https://www.vlr.gg/player/2610/klaus,Americas,295619,all,,0.79,143,16,31,20,0.52,71%,102,20%,3,3,bo3
Melser,KRÜ,https://www.vlr.gg/player/1311/melser,Americas,295619,all,,0.64,137,22,32,12,0.69,62%,73,25%,2,6,bo3
artzin,MIBR,https://www.vlr.gg/player/5957/artzin,Americas,307572,all,,1.01,240,32,32,3,1.0,69%,160,33%,3,4,bo3
frz,MIBR,https://www.vlr.gg/player/651/frz,Americas,307572,all,,0.96,202,27,29,5,0.93,62%,130,38%,2,2,bo3
RgLMeister,MIBR,https://www.vlr.gg/player/5351/rglmeister,Americas,307572,all,,0.72,157,21,31,15,0.68,62%,101,28%,3,2,bo3
mazin,MIBR,https://www.vlr.gg/player/8872/mazin,Americas,307572,all,,0.72,149,17,27,8,0.63,56%,99,25%,3,7,bo3
jzz,MIBR,https://www.vlr.gg/player/13093/jzz,Americas,307572,all,,0.64,152,20,32,7,0.62,64%,101,29%,4,9,bo3
zekken,SEN,https://www.vlr.gg/player/4004/zekken,Americas,307572,all,,1.47,297,41,23,8,1.78,79%,193,25%,9,6,bo3
TenZ,SEN,https://www.vlr.gg/player/9/tenz,Americas,307572,all,,1.23,235,37,24,14,1.54,79%,145,40%,3,5,bo3
Zellsis,SEN,https://www.vlr.gg/player/729/zellsis,Americas,307572,all,,1.16,210,25,24,25,1.04,85%,135,16%,5,2,bo3
Sacy,SEN,https://www.vlr.gg/player/659/sacy,Americas,307572,all,,1.1,192,23,24,23,0.96,77%,131,24%,4,1,bo3
johnqt,SEN,https://www.vlr.gg/player/1265/johnqt,Americas,307572,all,,1.02,171,25,22,3,1.14,72%,112,23%,3,1,bo3
leaf,G2,https://www.vlr.gg/player/7873/leaf,Americas,307573,all,,1.07,228,58,51,10,1.14,70%,156,32%,13,11,bo3
trent,G2,https://www.vlr.gg/player/15500/trent,Americas,307573,all,,1.03,205,53,52,17,1.02,75%,143,35%,9,6,bo3
neT,G2,https://www.vlr.gg/player/6582/net,Americas,307573,all,,0.96,206,50,52,14,0.96,67%,136,48%,6,7,bo3
JonahP,G2,https://www.vlr.gg/player/4581/jonahp,Americas,307573,all,,0.88,162,43,52,19,0.83,73%,115,33%,4,6,bo3
valyn,G2,https://www.vlr.gg/player/3885/valyn,Americas,307573,all,,0.75,149,37,56,19,0.66,64%,91,18%,5,6,bo3
jzz,MIBR,https://www.vlr.gg/player/13093/jzz,Americas,307573,all,,1.26,258,68,49,14,1.39,77%,172,33%,13,8,bo3
artzin,MIBR,https://www.vlr.gg/player/5957/artzin,Americas,307573,all,,1.1,235,58,53,14,1.09,73%,149,30%,10,11,bo3
frz,MIBR,https://www.vlr.gg/player/651/frz,Americas,307573,all,,1.05,178,48,41,12,1.17,71%,117,29%,5,8,bo3
RgLMeister,MIBR,https://www.vlr.gg/player/5351/rglmeister,Americas,307573,all,,1.0,191,51,49,30,1.04,82%,135,30%,3,4,bo3
mazin,MIBR,https://www.vlr.gg/player/8872/mazin,Americas,307573,all,,0.79,161,38,49,28,0.78,63%,106,25%,5,6,bo3
Zellsis,SEN,https://www.vlr.gg/player/729/zellsis,Americas,307574,all,,1.28,218,52,37,21,1.41,74%,133,16%,5,3,bo3
Sacy,SEN,https://www.vlr.gg/player/659/sacy,Americas,307574,all,,1.0,203,43,48,22,0.9,68%,134,24%,4,4,bo3
TenZ,SEN,https://www.vlr.gg/player/9/tenz,Americas,307574,all,,0.94,175,42,46,18,0.91,69%,122,23%,6,5,bo3
johnqt,SEN,https://www.vlr.gg/player/1265/johnqt,Americas,307574,all,,0.93,161,35,41,22,0.85,68%,110,29%,5,4,bo3
zekken,SEN,https://www.vlr.gg/player/4004/zekken,Americas,307574,all,,0.85,216,48,53,12,0.91,63%,152,33%,10,19,bo3
neT,G2,https://www.vlr.gg/player/6582/net,Americas,307574,all,,1.27,243,57,44,12,1.3,68%,155,41%,9,3,bo3
leaf,G2,https://www.vlr.gg/player/7873/leaf,Americas,307574,all,,1.04,249,60,50,10,1.2,71%,153,27%,12,12,bo3
trent,G2,https://www.vlr.gg/player/15500/trent,Americas,307574,all,,1.01,173,37,39,16,0.95,68%,119,28%,4,6,bo3
valyn,G2,https://www.vlr.gg/player/3885/valyn,Americas,307574,all,,0.88,166,39,45,26,0.87,77%,105,18%,6,5,bo3
JonahP,G2,https://www.vlr.gg/player/4581/jonahp,Americas,307574,all,,0.82,144,32,42,24,0.76,75%,100,22%,4,4,bo3
Derrek,EG,https://www.vlr.gg/player/1533/derrek,Americas,303087,all,,1.15,230,43,41,15,1.05,72%,148,31%,6,2,bo3
Apoth,EG,https://www.vlr.gg/player/5188/apoth,Americas,303087,all,,0.99,219,43,43,12,1.0,59%,157,33%,4,11,bo3
supamen,EG,https://www.vlr.gg/player/826/supamen,Americas,303087,all,,0.99,152,30,36,16,0.83,67%,102,33%,5,6,bo3
jawgemo,EG,https://www.vlr.gg/player/3993/jawgemo,Americas,303087,all,,0.95,212,44,47,11,0.94,66%,140,24%,8,12,bo3
NaturE,EG,https://www.vlr.gg/player/4927/nature,Americas,303087,all,,0.64,144,28,48,20,0.58,66%,91,28%,3,1,bo3
tuyz,LOUD,https://www.vlr.gg/player/2408/tuyz,Americas,303087,all,,1.23,211,46,33,18,1.39,78%,145,31%,3,0,bo3
Less,LOUD,https://www.vlr.gg/player/8447/less,Americas,303087,all,,1.2,228,49,34,12,1.44,81%,144,24%,4,3,bo3
cauanzin,LOUD,https://www.vlr.gg/player/6193/cauanzin,Americas,303087,all,,1.07,218,46,40,23,1.15,76%,129,32%,10,5,bo3
saadhak,LOUD,https://www.vlr.gg/player/727/saadhak,Americas,303087,all,,0.98,206,42,41,21,1.02,81%,126,15%,5,7,bo3
ambitioN,LOUD,https://www.vlr.gg/player/1575/ambition,Americas,303087,all,,0.78,158,32,40,13,0.8,66%,115,33%,10,11,bo3
Victor,NRG,https://www.vlr.gg/player/261/victor,Americas,303088,all,,0.95,189,46,42,7,1.1,69%,121,26%,5,8,bo3
Marved,NRG,https://www.vlr.gg/player/263/marved,Americas,303088,all,,0.9,203,44,52,20,0.85,70%,124,30%,4,8,bo3
Ethan,NRG,https://www.vlr.gg/player/11225/ethan,Americas,303088,all,,0.9,196,42,48,30,0.88,73%,123,27%,1,4,bo3
crashies,NRG,https://www.vlr.gg/player/4/crashies,Americas,303088,all,,0.84,162,39,47,21,0.83,70%,104,25%,3,8,bo3
Demon1,NRG,https://www.vlr.gg/player/26171/demon1,Americas,303088,all,,0.83,194,43,53,14,0.81,67%,131,37%,11,15,bo3
TenZ,SEN,https://www.vlr.gg/player/9/tenz,Americas,303088,all,,1.26,242,57,43,29,1.33,85%,160,28%,12,2,bo3
Zellsis,SEN,https://www.vlr.gg/player/729/zellsis,Americas,303088,all,,1.22,214,46,38,32,1.21,78%,122,20%,8,3,bo3
zekken,SEN,https://www.vlr.gg/player/4004/zekken,Americas,303088,all,,1.12,233,57,48,9,1.19,73%,162,31%,20,12,bo3
johnqt,SEN,https://www.vlr.gg/player/1265/johnqt,Americas,303088,all,,1.03,180,41,40,19,1.02,67%,117,27%,1,3,bo3
Sacy,SEN,https://www.vlr.gg/player/659/sacy,Americas,303088,all,,1.02,195,41,45,27,0.91,70%,131,23%,2,4,bo3
tuyz,LOUD,https://www.vlr.gg/player/2408/tuyz,Americas,303086,all,,1.09,200,72,66,49,1.09,71%,133,27%,5,6,bo5
Less,LOUD,https://www.vlr.gg/player/8447/less,Americas,303086,all,,1.03,192,66,68,21,0.97,69%,136,38%,5,8,bo5
ambitioN,LOUD,https://www.vlr.gg/player/1575/ambition,Americas,303086,all,,0.95,217,78,80,18,0.97,67%,143,31%,18,16,bo5
cauanzin,LOUD,https://www.vlr.gg/player/6193/cauanzin,Americas,303086,all,,0.92,183,68,75,26,0.91,68%,115,26%,13,12,bo5
saadhak,LOUD,https://www.vlr.gg/player/727/saadhak,Americas,303086,all,,0.76,168,52,80,37,0.65,71%,117,19%,8,9,bo5
TenZ,SEN,https://www.vlr.gg/player/9/tenz,Americas,303086,all,,1.22,246,84,70,48,1.2,80%,157,22%,16,16,bo5
zekken,SEN,https://www.vlr.gg/player/4004/zekken,Americas,303086,all,,1.11,246,83,69,23,1.2,74%,150,25%,19,10,bo5
johnqt,SEN,https://www.vlr.gg/player/1265/johnqt,Americas,303086,all,,1.09,195,72,58,26,1.24,80%,129,25%,4,8,bo5
Sacy,SEN,https://www.vlr.gg/player/659/sacy,Americas,303086,all,,0.98,204,65,69,49,0.94,77%,137,29%,6,5,bo5
Zellsis,SEN,https://www.vlr.gg/player/729/zellsis,Americas,303086,all,,0.88,176,65,70,33,0.93,71%,116,14%,6,10,bo5
AtaKaptan,FUT,https://www.vlr.gg/player/6510/atakaptan,EMEA,297401,all,,1.23,196,32,31,33,1.03,81%,136,30%,1,4,bo3
cNed,FUT,https://www.vlr.gg/player/573/cned,EMEA,297401,all,,1.07,250,42,36,14,1.17,74%,159,31%,8,9,bo3
MrFaliN,FUT,https://www.vlr.gg/player/8044/mrfalin,EMEA,297401,all,,0.97,203,33,34,14,0.97,70%,133,23%,6,4,bo3
yetujey,FUT,https://www.vlr.gg/player/8369/yetujey,EMEA,297401,all,,0.87,201,30,34,11,0.88,77%,138,20%,4,5,bo3
qRaxs,FUT,https://www.vlr.gg/player/1139/qraxs,EMEA,297401,all,,0.84,176,27,35,27,0.77,70%,116,22%,3,3,bo3
Boo,TH,https://www.vlr.gg/player/1144/boo,EMEA,297401,all,,1.6,298,52,29,17,1.79,74%,203,40%,5,3,bo3
MiniBoo,TH,https://www.vlr.gg/player/18350/miniboo,EMEA,297401,all,,1.35,267,43,34,11,1.26,70%,184,34%,11,10,bo3
benjyfishy,TH,https://www.vlr.gg/player/29873/benjyfishy,EMEA,297401,all,,0.87,188,32,34,9,0.94,70%,125,28%,5,5,bo3
paTiTek,TH,https://www.vlr.gg/player/309/patitek,EMEA,297401,all,,0.76,139,22,33,19,0.67,72%,88,19%,2,3,bo3
RieNs,TH,https://www.vlr.gg/player/10971/riens,EMEA,297401,all,,0.65,127,21,34,13,0.62,72%,91,37%,2,1,bo3
Cloud,GX,https://www.vlr.gg/player/4181/cloud,EMEA,297402,all,,1.22,255,57,48,33,1.19,69%,157,29%,6,5,bo3
nukkye,GX,https://www.vlr.gg/player/3070/nukkye,EMEA,297402,all,,0.96,187,41,46,22,0.89,72%,124,31%,8,6,bo3
Redgar,GX,https://www.vlr.gg/player/1427/redgar,EMEA,297402,all,,0.95,179,42,43,13,0.98,67%,123,29%,6,8,bo3
hoody,GX,https://www.vlr.gg/player/2690/hoody,EMEA,297402,all,,0.84,149,32,43,23,0.74,64%,100,20%,3,11,bo3
Fit1nho,GX,https://www.vlr.gg/player/292/fit1nho,EMEA,297402,all,,0.68,160,33,50,8,0.66,64%,110,21%,6,5,bo3
N4RRATE,KC,https://www.vlr.gg/player/36245/n4rrate,EMEA,297402,all,,1.29,271,56,44,17,1.27,77%,176,25%,6,5,bo3
MAGNUM,KC,https://www.vlr.gg/player/2173/magnum,EMEA,297402,all,,1.2,219,53,38,12,1.39,70%,151,26%,7,8,bo3
tomaszy,KC,https://www.vlr.gg/player/19691/tomaszy,EMEA,297402,all,,1.07,208,47,42,18,1.12,75%,136,37%,8,3,bo3
marteen,KC,https://www.vlr.gg/player/10307/marteen,EMEA,297402,all,,0.98,200,43,42,13,1.02,67%,127,21%,9,8,bo3
sh1n,KC,https://www.vlr.gg/player/2625/sh1n,EMEA,297402,all,,0.85,131,31,39,22,0.79,77%,85,35%,5,5,bo3
Zyppan,NAVI,https://www.vlr.gg/player/11/zyppan,EMEA,297406,all,,1.3,263,55,39,27,1.41,76%,174,29%,6,6,bo3
ardiis,NAVI,https://www.vlr.gg/player/98/ardiis,EMEA,297406,all,,1.28,266,59,42,17,1.4,76%,178,22%,8,5,bo3
Shao,NAVI,https://www.vlr.gg/player/384/shao,EMEA,297406,all,,1.26,208,41,34,35,1.21,83%,141,29%,2,7,bo3
SUYGETSU,NAVI,https://www.vlr.gg/player/2858/suygetsu,EMEA,297406,all,,1.07,201,42,34,10,1.24,75%,141,39%,5,7,bo3
ANGE1,NAVI,https://www.vlr.gg/player/109/ange1,EMEA,297406,all,,0.76,172,35,45,15,0.78,73%,118,36%,8,5,bo3
Brave,BBL,https://www.vlr.gg/player/8041/brave,EMEA,297406,all,,0.92,185,38,48,22,0.79,73%,121,37%,5,6,bo3
reazy,BBL,https://www.vlr.gg/player/10146/reazy,EMEA,297406,all,,0.92,188,35,43,24,0.81,73%,136,20%,2,1,bo3
pAura,BBL,https://www.vlr.gg/player/569/paura,EMEA,297406,all,,0.9,174,37,47,28,0.79,75%,105,38%,7,4,bo3
QutionerX,BBL,https://www.vlr.gg/player/10161/qutionerx,EMEA,297406,all,,0.88,214,45,50,9,0.9,63%,136,27%,12,15,bo3
Elite,BBL,https://www.vlr.gg/player/16459/elite,EMEA,297406,all,,0.87,183,37,45,15,0.82,66%,120,52%,4,3,bo3
keiko,TL,https://www.vlr.gg/player/11494/keiko,EMEA,297407,all,,1.51,300,51,30,6,1.7,81%,201,34%,8,5,bo3
nAts,TL,https://www.vlr.gg/player/457/nats,EMEA,297407,all,,1.33,256,45,30,11,1.5,79%,182,30%,1,5,bo3
Jamppi,TL,https://www.vlr.gg/player/9780/jamppi,EMEA,297407,all,,0.99,194,33,33,8,1.0,72%,127,46%,8,3,bo3
Enzo,TL,https://www.vlr.gg/player/114/enzo,EMEA,297407,all,,0.75,144,20,31,17,0.65,72%,98,21%,3,5,bo3
Mistic,TL,https://www.vlr.gg/player/1457/mistic,EMEA,297407,all,,0.71,136,22,35,20,0.63,81%,94,31%,1,8,bo3
sheydos,MKOI,https://www.vlr.gg/player/1428/sheydos,EMEA,297407,all,,1.05,168,28,27,9,1.04,77%,122,24%,2,0,bo3
kamo,MKOI,https://www.vlr.gg/player/14681/kamo,EMEA,297407,all,,1.03,222,37,37,9,1.0,81%,152,30%,14,9,bo3
grubinho,MKOI,https://www.vlr.gg/player/5550/grubinho,EMEA,297407,all,,0.95,206,33,33,14,1.0,66%,121,29%,4,2,bo3
ShadoW,MKOI,https://www.vlr.gg/player/451/shadow,EMEA,297407,all,,0.85,193,31,37,9,0.84,55%,128,29%,3,4,bo3
starxo,MKOI,https://www.vlr.gg/player/565/starxo,EMEA,297407,all,,0.75,174,29,37,18,0.78,62%,107,31%,3,6,bo3
Kicks,VIT,https://www.vlr.gg/player/11134/kicks,EMEA,297412,all,,1.29,228,33,26,20,1.27,77%,155,23%,4,4,bo3
ceNder,VIT,https://www.vlr.gg/player/4321/cender,EMEA,297412,all,,1.26,212,34,24,12,1.42,81%,133,37%,8,3,bo3
runneR,VIT,https://www.vlr.gg/player/21610/runner,EMEA,297412,all,,1.21,267,39,28,10,1.39,74%,164,21%,8,6,bo3
Sayf,VIT,https://www.vlr.gg/player/312/sayf,EMEA,297412,all,,1.01,160,23,23,16,1.0,74%,119,41%,2,4,bo3
Destrian,VIT,https://www.vlr.gg/player/1615/destrian,EMEA,297412,all,,0.9,148,22,25,10,0.88,70%,113,26%,2,2,bo3
logaN,M8,https://www.vlr.gg/player/868/logan,EMEA,297412,all,,0.89,164,25,28,5,0.89,70%,113,27%,0,5,bo3
TakaS,M8,https://www.vlr.gg/player/301/takas,EMEA,297412,all,,0.88,217,32,33,7,0.97,60%,140,21%,9,7,bo3
nataNk,M8,https://www.vlr.gg/player/5004/natank,EMEA,297412,all,,0.87,218,31,34,7,0.91,60%,141,30%,9,12,bo3
Wailers,M8,https://www.vlr.gg/player/19522/wailers,EMEA,297412,all,,0.85,149,22,28,11,0.79,74%,97,29%,0,0,bo3
beyAz,M8,https://www.vlr.gg/player/220/beyaz,EMEA,297412,all,,0.72,113,16,28,20,0.57,79%,76,21%,1,0,bo3
MiniBoo,TH,https://www.vlr.gg/player/18350/miniboo,EMEA,297403,all,,1.41,291,35,22,7,1.59,82%,183,23%,9,2,bo3
benjyfishy,TH,https://www.vlr.gg/player/29873/benjyfishy,EMEA,297403,all,,1.38,254,31,17,7,1.82,85%,168,32%,1,4,bo3
Boo,TH,https://www.vlr.gg/player/1144/boo,EMEA,297403,all,,1.34,203,28,15,12,1.87,85%,137,29%,5,1,bo3
RieNs,TH,https://www.vlr.gg/player/10971/riens,EMEA,297403,all,,1.32,239,30,17,10,1.76,82%,157,36%,5,1,bo3
paTiTek,TH,https://www.vlr.gg/player/309/patitek,EMEA,297403,all,,1.09,182,22,18,13,1.22,85%,118,28%,3,3,bo3
sh1n,KC,https://www.vlr.gg/player/2625/sh1n,EMEA,297403,all,,0.93,162,21,27,12,0.78,68%,102,34%,2,5,bo3
N4RRATE,KC,https://www.vlr.gg/player/36245/n4rrate,EMEA,297403,all,,0.91,226,24,30,14,0.8,68%,153,19%,3,5,bo3
tomaszy,KC,https://www.vlr.gg/player/19691/tomaszy,EMEA,297403,all,,0.78,168,18,30,11,0.6,68%,118,32%,2,1,bo3
marteen,KC,https://www.vlr.gg/player/10307/marteen,EMEA,297403,all,,0.62,149,18,29,6,0.62,68%,95,12%,3,7,bo3
MAGNUM,KC,https://www.vlr.gg/player/2173/magnum,EMEA,297403,all,,0.37,100,8,30,11,0.27,62%,72,17%,1,5,bo3
yetujey,FUT,https://www.vlr.gg/player/8369/yetujey,EMEA,297404,all,,1.31,228,52,30,12,1.73,83%,153,30%,10,5,bo3
AtaKaptan,FUT,https://www.vlr.gg/player/6510/atakaptan,EMEA,297404,all,,1.26,216,49,34,19,1.44,77%,134,36%,2,3,bo3
cNed,FUT,https://www.vlr.gg/player/573/cned,EMEA,297404,all,,1.13,216,47,40,8,1.18,70%,143,24%,11,6,bo3
qRaxs,FUT,https://www.vlr.gg/player/1139/qraxs,EMEA,297404,all,,0.97,215,42,45,28,0.93,83%,137,27%,6,4,bo3
MrFaliN,FUT,https://www.vlr.gg/player/8044/mrfalin,EMEA,297404,all,,0.93,184,37,42,32,0.88,77%,113,17%,5,8,bo3
Cloud,GX,https://www.vlr.gg/player/4181/cloud,EMEA,297404,all,,1.19,228,47,41,12,1.15,73%,154,30%,4,3,bo3
nukkye,GX,https://www.vlr.gg/player/3070/nukkye,EMEA,297404,all,,1.14,217,45,41,15,1.1,75%,151,27%,5,1,bo3
Fit1nho,GX,https://www.vlr.gg/player/292/fit1nho,EMEA,297404,all,,0.81,201,41,49,6,0.84,60%,133,25%,8,13,bo3
hoody,GX,https://www.vlr.gg/player/2690/hoody,EMEA,297404,all,,0.79,170,34,47,22,0.72,63%,116,26%,4,6,bo3
Redgar,GX,https://www.vlr.gg/player/1427/redgar,EMEA,297404,all,,0.5,117,24,49,19,0.49,60%,74,33%,5,11,bo3
Zyppan,NAVI,https://www.vlr.gg/player/11/zyppan,EMEA,297408,all,,1.32,264,37,26,8,1.42,65%,169,33%,5,4,bo3
ardiis,NAVI,https://www.vlr.gg/player/98/ardiis,EMEA,297408,all,,1.3,252,38,26,17,1.46,78%,151,20%,4,6,bo3
Shao,NAVI,https://www.vlr.gg/player/384/shao,EMEA,297408,all,,1.17,213,31,23,9,1.35,75%,148,38%,3,4,bo3
SUYGETSU,NAVI,https://www.vlr.gg/player/2858/suygetsu,EMEA,297408,all,,0.97,154,25,23,8,1.09,70%,99,33%,1,5,bo3
ANGE1,NAVI,https://www.vlr.gg/player/109/ange1,EMEA,297408,all,,0.75,161,22,28,13,0.79,55%,116,24%,4,4,bo3
keiko,TL,https://www.vlr.gg/player/11494/keiko,EMEA,297408,all,,1.06,213,31,29,6,1.07,70%,137,30%,9,4,bo3
Jamppi,TL,https://www.vlr.gg/player/9780/jamppi,EMEA,297408,all,,1.05,202,28,30,11,0.93,78%,144,43%,4,4,bo3
nAts,TL,https://www.vlr.gg/player/457/nats,EMEA,297408,all,,0.89,202,26,30,6,0.87,63%,131,31%,6,6,bo3
Mistic,TL,https://www.vlr.gg/player/1457/mistic,EMEA,297408,all,,0.85,202,29,33,6,0.88,65%,135,42%,1,2,bo3
Enzo,TL,https://www.vlr.gg/player/114/enzo,EMEA,297408,all,,0.5,103,12,31,10,0.39,58%,78,16%,3,1,bo3
Elite,BBL,https://www.vlr.gg/player/16459/elite,EMEA,297409,all,,1.11,251,35,30,8,1.17,63%,155,49%,6,7,bo3
reazy,BBL,https://www.vlr.gg/player/10146/reazy,EMEA,297409,all,,1.03,210,31,29,10,1.07,73%,133,34%,2,3,bo3
QutionerX,BBL,https://www.vlr.gg/player/10161/qutionerx,EMEA,297409,all,,0.79,206,27,35,7,0.77,71%,146,24%,7,7,bo3
pAura,BBL,https://www.vlr.gg/player/569/paura,EMEA,297409,all,,0.66,129,19,31,13,0.61,68%,84,27%,2,3,bo3
Brave,BBL,https://www.vlr.gg/player/8041/brave,EMEA,297409,all,,0.51,110,16,30,4,0.53,59%,79,36%,0,4,bo3
kamo,MKOI,https://www.vlr.gg/player/14681/kamo,EMEA,297409,all,,1.32,291,37,30,15,1.23,73%,198,18%,9,7,bo3
starxo,MKOI,https://www.vlr.gg/player/565/starxo,EMEA,297409,all,,1.31,208,33,22,16,1.5,76%,137,28%,5,1,bo3
ShadoW,MKOI,https://www.vlr.gg/player/451/shadow,EMEA,297409,all,,1.27,217,34,25,19,1.36,85%,129,16%,4,6,bo3
sheydos,MKOI,https://www.vlr.gg/player/1428/sheydos,EMEA,297409,all,,1.23,185,29,21,10,1.38,88%,132,26%,2,2,bo3
grubinho,MKOI,https://www.vlr.gg/player/5550/grubinho,EMEA,297409,all,,0.77,158,22,30,21,0.73,83%,92,28%,4,1,bo3
Sayf,VIT,https://www.vlr.gg/player/312/sayf,EMEA,297414,all,,1.22,210,35,30,11,1.17,64%,134,33%,6,3,bo3
Kicks,VIT,https://www.vlr.gg/player/11134/kicks,EMEA,297414,all,,0.89,180,28,32,14,0.88,55%,109,22%,1,6,bo3
runneR,VIT,https://www.vlr.gg/player/21610/runner,EMEA,297414,all,,0.77,198,26,38,15,0.68,77%,135,16%,5,10,bo3
ceNder,VIT,https://www.vlr.gg/player/4321/cender,EMEA,297414,all,,0.71,168,25,40,15,0.62,61%,113,18%,4,4,bo3
Destrian,VIT,https://www.vlr.gg/player/1615/destrian,EMEA,297414,all,,0.65,123,20,35,14,0.57,61%,88,25%,1,4,bo3
Chronicle,FNC,https://www.vlr.gg/player/458/chronicle,EMEA,297414,all,,1.31,220,32,22,29,1.45,84%,144,22%,4,0,bo3
Alfajer,FNC,https://www.vlr.gg/player/9810/alfajer,EMEA,297414,all,,1.23,264,45,27,2,1.67,77%,161,37%,7,3,bo3
Boaster,FNC,https://www.vlr.gg/player/438/boaster,EMEA,297414,all,,1.22,222,34,29,24,1.17,75%,145,32%,3,5,bo3
Leo,FNC,https://www.vlr.gg/player/1380/leo,EMEA,297414,all,,1.2,208,34,23,17,1.48,82%,145,24%,3,0,bo3
Derke,FNC,https://www.vlr.gg/player/5022/derke,EMEA,297414,all,,0.69,191,30,33,3,0.91,61%,111,36%,10,9,bo3
Kicks,VIT,https://www.vlr.gg/player/11134/kicks,EMEA,297416,all,,1.22,206,50,40,27,1.25,82%,128,22%,2,6,bo3
runneR,VIT,https://www.vlr.gg/player/21610/runner,EMEA,297416,all,,1.16,232,47,43,18,1.09,70%,162,22%,9,7,bo3
Sayf,VIT,https://www.vlr.gg/player/312/sayf,EMEA,297416,all,,0.95,186,43,42,11,1.02,57%,113,34%,4,8,bo3
Destrian,VIT,https://www.vlr.gg/player/1615/destrian,EMEA,297416,all,,0.91,192,40,46,16,0.87,70%,134,19%,9,3,bo3
ceNder,VIT,https://www.vlr.gg/player/4321/cender,EMEA,297416,all,,0.7,141,27,44,16,0.61,59%,98,18%,4,9,bo3
TakaS,M8,https://www.vlr.gg/player/301/takas,EMEA,297416,all,,1.31,290,64,44,14,1.45,70%,183,23%,7,5,bo3
logaN,M8,https://www.vlr.gg/player/868/logan,EMEA,297416,all,,1.01,180,36,35,11,1.03,69%,121,32%,5,6,bo3
nataNk,M8,https://www.vlr.gg/player/5004/natank,EMEA,297416,all,,0.98,216,48,45,11,1.07,74%,150,25%,15,11,bo3
Wailers,M8,https://www.vlr.gg/player/19522/wailers,EMEA,297416,all,,0.86,182,40,43,19,0.93,77%,121,30%,2,1,bo3
beyAz,M8,https://www.vlr.gg/player/220/beyaz,EMEA,297416,all,,0.78,141,27,41,31,0.66,69%,96,36%,4,5,bo3
N4RRATE,KC,https://www.vlr.gg/player/36245/n4rrate,EMEA,297405,all,,1.11,212,66,53,18,1.25,79%,157,28%,11,6,bo3
MAGNUM,KC,https://www.vlr.gg/player/2173/magnum,EMEA,297405,all,,1.11,193,50,46,24,1.09,73%,135,28%,4,7,bo3
marteen,KC,https://www.vlr.gg/player/10307/marteen,EMEA,297405,all,,1.04,263,64,61,20,1.05,72%,164,25%,16,11,bo3
tomaszy,KC,https://www.vlr.gg/player/19691/tomaszy,EMEA,297405,all,,1.0,203,50,55,31,0.91,75%,153,33%,6,8,bo3
sh1n,KC,https://www.vlr.gg/player/2625/sh1n,EMEA,297405,all,,0.79,140,37,48,28,0.77,80%,88,26%,4,2,bo3
AtaKaptan,FUT,https://www.vlr.gg/player/6510/atakaptan,EMEA,297405,all,,1.24,232,59,49,40,1.2,73%,148,27%,4,6,bo3
yetujey,FUT,https://www.vlr.gg/player/8369/yetujey,EMEA,297405,all,,1.09,198,53,52,23,1.02,76%,139,24%,8,7,bo3
MrFaliN,FUT,https://www.vlr.gg/player/8044/mrfalin,EMEA,297405,all,,1.03,217,54,53,32,1.02,75%,140,20%,8,7,bo3
qRaxs,FUT,https://www.vlr.gg/player/1139/qraxs,EMEA,297405,all,,1.0,205,50,53,23,0.94,65%,134,26%,6,7,bo3
cNed,FUT,https://www.vlr.gg/player/573/cned,EMEA,297405,all,,0.7,194,47,60,11,0.78,71%,129,26%,8,14,bo3
Mistic,TL,https://www.vlr.gg/player/1457/mistic,EMEA,297410,all,,1.09,232,61,53,23,1.15,74%,151,27%,7,5,bo3
keiko,TL,https://www.vlr.gg/player/11494/keiko,EMEA,297410,all,,0.99,193,51,48,6,1.06,66%,126,25%,16,10,bo3
Jamppi,TL,https://www.vlr.gg/player/9780/jamppi,EMEA,297410,all,,0.95,222,54,53,16,1.02,71%,142,32%,12,5,bo3
Enzo,TL,https://www.vlr.gg/player/114/enzo,EMEA,297410,all,,0.85,158,41,44,15,0.93,71%,113,23%,4,3,bo3
nAts,TL,https://www.vlr.gg/player/457/nats,EMEA,297410,all,,0.83,157,38,50,19,0.76,70%,115,24%,4,7,bo3
starxo,MKOI,https://www.vlr.gg/player/565/starxo,EMEA,297410,all,,1.11,225,56,48,24,1.17,74%,148,21%,3,9,bo3
sheydos,MKOI,https://www.vlr.gg/player/1428/sheydos,EMEA,297410,all,,1.04,159,44,44,13,1.0,70%,119,29%,2,5,bo3
grubinho,MKOI,https://www.vlr.gg/player/5550/grubinho,EMEA,297410,all,,1.03,181,44,46,30,0.96,71%,118,39%,5,9,bo3
kamo,MKOI,https://www.vlr.gg/player/14681/kamo,EMEA,297410,all,,1.01,227,56,56,12,1.0,64%,147,24%,16,15,bo3
ShadoW,MKOI,https://www.vlr.gg/player/451/shadow,EMEA,297410,all,,0.93,182,48,51,25,0.94,68%,113,19%,4,5,bo3
N4RRATE,KC,https://www.vlr.gg/player/36245/n4rrate,EMEA,307567,all,,1.2,249,43,34,17,1.26,76%,165,27%,6,5,bo3
marteen,KC,https://www.vlr.gg/player/10307/marteen,EMEA,307567,all,,1.19,275,45,36,11,1.25,71%,172,16%,10,7,bo3
MAGNUM,KC,https://www.vlr.gg/player/2173/magnum,EMEA,307567,all,,1.19,205,37,30,14,1.23,71%,136,28%,6,4,bo3
tomaszy,KC,https://www.vlr.gg/player/19691/tomaszy,EMEA,307567,all,,0.81,177,32,36,13,0.89,76%,120,44%,5,4,bo3
sh1n,KC,https://www.vlr.gg/player/2625/sh1n,EMEA,307567,all,,0.77,120,22,30,8,0.73,69%,90,29%,1,1,bo3
Sayf,VIT,https://www.vlr.gg/player/312/sayf,EMEA,307567,all,,1.51,276,48,31,22,1.55,78%,173,43%,6,2,bo3
Kicks,VIT,https://www.vlr.gg/player/11134/kicks,EMEA,307567,all,,1.03,215,35,36,16,0.97,65%,139,22%,5,6,bo3
runneR,VIT,https://www.vlr.gg/player/21610/runner,EMEA,307567,all,,0.97,227,38,41,12,0.93,69%,162,18%,6,8,bo3
ceNder,VIT,https://www.vlr.gg/player/4321/cender,EMEA,307567,all,,0.81,154,25,34,12,0.74,69%,99,24%,3,2,bo3
Destrian,VIT,https://www.vlr.gg/player/1615/destrian,EMEA,307567,all,,0.61,122,19,37,21,0.51,71%,91,14%,1,10,bo3
grubinho,MKOI,https://www.vlr.gg/player/5550/grubinho,EMEA,307565,all,,1.03,173,28,26,10,1.08,68%,104,29%,3,2,bo3
ShadoW,MKOI,https://www.vlr.gg/player/451/shadow,EMEA,307565,all,,0.99,198,27,29,9,0.93,66%,130,26%,2,2,bo3
sheydos,MKOI,https://www.vlr.gg/player/1428/sheydos,EMEA,307565,all,,0.78,149,22,26,4,0.85,66%,92,19%,1,3,bo3
kamo,MKOI,https://www.vlr.gg/player/14681/kamo,EMEA,307565,all,,0.75,162,22,32,5,0.69,56%,119,36%,8,9,bo3
starxo,MKOI,https://www.vlr.gg/player/565/starxo,EMEA,307565,all,,0.59,137,18,33,13,0.55,63%,89,12%,3,7,bo3
Sayf,VIT,https://www.vlr.gg/player/312/sayf,EMEA,307565,all,,1.23,226,34,24,7,1.42,71%,153,34%,8,2,bo3
Destrian,VIT,https://www.vlr.gg/player/1615/destrian,EMEA,307565,all,,1.17,193,27,23,15,1.17,68%,128,24%,1,2,bo3
runneR,VIT,https://www.vlr.gg/player/21610/runner,EMEA,307565,all,,1.1,212,32,26,8,1.23,71%,138,17%,11,6,bo3
ceNder,VIT,https://www.vlr.gg/player/4321/cender,EMEA,307565,all,,1.03,172,26,21,9,1.24,73%,106,21%,4,3,bo3
Kicks,VIT,https://www.vlr.gg/player/11134/kicks,EMEA,307565,all,,1.02,175,27,24,14,1.12,78%,102,16%,0,5,bo3
N4RRATE,KC,https://www.vlr.gg/player/36245/n4rrate,EMEA,307564,all,,1.57,300,42,23,9,1.83,84%,179,27%,9,1,bo3
marteen,KC,https://www.vlr.gg/player/10307/marteen,EMEA,307564,all,,1.54,267,34,17,15,2.0,81%,181,27%,5,4,bo3
MAGNUM,KC,https://www.vlr.gg/player/2173/magnum,EMEA,307564,all,,1.14,182,25,19,11,1.32,84%,118,34%,4,1,bo3
sh1n,KC,https://www.vlr.gg/player/2625/sh1n,EMEA,307564,all,,1.12,202,31,21,7,1.48,81%,123,32%,3,3,bo3
tomaszy,KC,https://www.vlr.gg/player/19691/tomaszy,EMEA,307564,all,,0.74,145,19,23,9,0.83,70%,102,28%,4,3,bo3
grubinho,MKOI,https://www.vlr.gg/player/5550/grubinho,EMEA,307564,all,,1.21,214,28,26,10,1.08,73%,140,49%,1,2,bo3
starxo,MKOI,https://www.vlr.gg/player/565/starxo,EMEA,307564,all,,0.81,189,23,30,7,0.77,62%,125,30%,3,5,bo3
sheydos,MKOI,https://www.vlr.gg/player/1428/sheydos,EMEA,307564,all,,0.74,158,19,29,7,0.66,59%,107,26%,0,1,bo3
kamo,MKOI,https://www.vlr.gg/player/14681/kamo,EMEA,307564,all,,0.52,152,19,33,5,0.58,62%,96,17%,5,11,bo3
ShadoW,MKOI,https://www.vlr.gg/player/451/shadow,EMEA,307564,all,,0.36,114,13,33,5,0.39,51%,79,20%,3,6,bo3
MiniBoo,TH,https://www.vlr.gg/player/18350/miniboo,EMEA,303093,all,,1.37,290,49,29,11,1.69,72%,167,29%,10,9,bo3
RieNs,TH,https://www.vlr.gg/player/10971/riens,EMEA,303093,all,,1.35,253,42,29,17,1.45,81%,170,40%,6,0,bo3
benjyfishy,TH,https://www.vlr.gg/player/29873/benjyfishy,EMEA,303093,all,,1.13,226,37,32,12,1.16,81%,147,44%,5,3,bo3
paTiTek,TH,https://www.vlr.gg/player/309/patitek,EMEA,303093,all,,1.06,201,33,34,31,0.97,83%,141,33%,6,4,bo3
Boo,TH,https://www.vlr.gg/player/1144/boo,EMEA,303093,all,,0.89,131,21,27,27,0.78,74%,85,19%,1,3,bo3
ardiis,NAVI,https://www.vlr.gg/player/98/ardiis,EMEA,303093,all,,0.96,211,35,38,7,0.92,68%,133,20%,9,4,bo3
SUYGETSU,NAVI,https://www.vlr.gg/player/2858/suygetsu,EMEA,303093,all,,0.92,181,28,33,8,0.85,68%,125,39%,0,3,bo3
Zyppan,NAVI,https://www.vlr.gg/player/11/zyppan,EMEA,303093,all,,0.9,172,33,37,12,0.89,72%,124,46%,4,1,bo3
ANGE1,NAVI,https://www.vlr.gg/player/109/ange1,EMEA,303093,all,,0.72,167,28,37,9,0.76,53%,109,47%,4,12,bo3
Shao,NAVI,https://www.vlr.gg/player/384/shao,EMEA,303093,all,,0.72,150,27,37,13,0.73,57%,106,24%,2,8,bo3
Chronicle,FNC,https://www.vlr.gg/player/458/chronicle,EMEA,303094,all,,1.02,217,33,32,21,1.03,68%,136,22%,4,4,bo3
Leo,FNC,https://www.vlr.gg/player/1380/leo,EMEA,303094,all,,0.94,166,25,29,12,0.86,73%,108,20%,3,4,bo3
Alfajer,FNC,https://www.vlr.gg/player/9810/alfajer,EMEA,303094,all,,0.93,188,28,31,7,0.9,70%,132,25%,4,2,bo3
Boaster,FNC,https://www.vlr.gg/player/438/boaster,EMEA,303094,all,,0.8,179,30,33,14,0.91,66%,124,24%,3,4,bo3
Derke,FNC,https://www.vlr.gg/player/5022/derke,EMEA,303094,all,,0.78,186,27,35,4,0.77,64%,126,21%,7,8,bo3
tomaszy,KC,https://www.vlr.gg/player/19691/tomaszy,EMEA,303094,all,,1.36,215,37,27,18,1.37,75%,139,28%,4,2,bo3
marteen,KC,https://www.vlr.gg/player/10307/marteen,EMEA,303094,all,,1.27,250,40,26,13,1.54,73%,170,26%,8,7,bo3
N4RRATE,KC,https://www.vlr.gg/player/36245/n4rrate,EMEA,303094,all,,1.2,224,34,32,16,1.06,84%,158,26%,6,4,bo3
sh1n,KC,https://www.vlr.gg/player/2625/sh1n,EMEA,303094,all,,1.01,163,30,25,16,1.2,73%,107,41%,1,2,bo3
MAGNUM,KC,https://www.vlr.gg/player/2173/magnum,EMEA,303094,all,,0.72,142,19,33,17,0.58,73%,92,23%,3,6,bo3
benjyfishy,TH,https://www.vlr.gg/player/29873/benjyfishy,EMEA,303095,all,,0.98,203,59,63,14,0.94,69%,137,36%,9,6,bo5
RieNs,TH,https://www.vlr.gg/player/10971/riens,EMEA,303095,all,,0.9,197,53,65,25,0.82,69%,141,40%,8,3,bo5
paTiTek,TH,https://www.vlr.gg/player/309/patitek,EMEA,303095,all,,0.89,182,46,60,38,0.77,61%,118,26%,4,8,bo5
MiniBoo,TH,https://www.vlr.gg/player/18350/miniboo,EMEA,303095,all,,0.87,213,57,66,10,0.86,60%,146,27%,15,15,bo5
Boo,TH,https://www.vlr.gg/player/1144/boo,EMEA,303095,all,,0.76,153,42,65,28,0.65,63%,98,24%,4,8,bo5
N4RRATE,KC,https://www.vlr.gg/player/36245/n4rrate,EMEA,303095,all,,1.31,264,77,53,34,1.45,79%,173,28%,6,5,bo5
marteen,KC,https://www.vlr.gg/player/10307/marteen,EMEA,303095,all,,1.26,268,76,55,17,1.38,76%,171,29%,19,13,bo5
sh1n,KC,https://www.vlr.gg/player/2625/sh1n,EMEA,303095,all,,1.25,204,63,44,39,1.43,74%,129,31%,4,7,bo5
MAGNUM,KC,https://www.vlr.gg/player/2173/magnum,EMEA,303095,all,,1.0,187,55,54,21,1.02,74%,126,19%,4,9,bo5
tomaszy,KC,https://www.vlr.gg/player/19691/tomaszy,EMEA,303095,all,,0.92,170,48,51,29,0.94,79%,117,32%,7,6,bo5
carpe,T1,https://www.vlr.gg/player/31207/carpe,Pacific,296735,all,,1.28,249,43,35,19,1.23,81%,151,24%,6,3,bo3
xccurate,T1,https://www.vlr.gg/player/10816/xccurate,Pacific,296735,all,,1.15,221,43,34,9,1.26,74%,150,26%,1,3,bo3
Sayaplayer,T1,https://www.vlr.gg/player/4545/sayaplayer,Pacific,296735,all,,1.14,205,44,35,5,1.26,72%,155,36%,10,8,bo3
iZu,T1,https://www.vlr.gg/player/29833/izu,Pacific,296735,all,,1.06,212,39,36,18,1.08,70%,141,30%,5,10,bo3
Rossy,T1,https://www.vlr.gg/player/1129/rossy,Pacific,296735,all,,0.99,204,32,35,21,0.91,72%,124,19%,4,3,bo3
sScary,BLD,https://www.vlr.gg/player/4382/sscary,Pacific,296735,all,,1.1,206,41,35,15,1.17,74%,142,21%,3,4,bo3
yay,BLD,https://www.vlr.gg/player/881/yay,Pacific,296735,all,,0.83,198,38,42,12,0.9,72%,132,29%,6,8,bo3
crazyguy,BLD,https://www.vlr.gg/player/1430/crazyguy,Pacific,296735,all,,0.8,205,31,41,17,0.76,57%,120,32%,5,4,bo3
Egoist,BLD,https://www.vlr.gg/player/2362/egoist,Pacific,296735,all,,0.78,170,30,40,11,0.75,72%,108,24%,5,4,bo3
Deryeon,BLD,https://www.vlr.gg/player/9152/deryeon,Pacific,296735,all,,0.77,183,35,43,9,0.81,75%,131,23%,8,6,bo3
t3xture,GEN,https://www.vlr.gg/player/9196/t3xture,Pacific,296745,all,,1.37,312,76,49,10,1.55,74%,205,25%,16,7,bo3
Meteor,GEN,https://www.vlr.gg/player/13039/meteor,Pacific,296745,all,,1.12,240,64,48,7,1.33,74%,149,31%,13,5,bo3
Munchkin,GEN,https://www.vlr.gg/player/2489/munchkin,Pacific,296745,all,,1.01,190,45,48,38,0.94,80%,124,13%,2,3,bo3
Lakia,GEN,https://www.vlr.gg/player/773/lakia,Pacific,296745,all,,0.87,170,38,49,32,0.78,75%,118,27%,5,5,bo3
Karon,GEN,https://www.vlr.gg/player/34974/karon,Pacific,296745,all,,0.8,147,35,50,22,0.7,72%,98,39%,7,6,bo3
Estrella,RRQ,https://www.vlr.gg/player/25025/estrella,Pacific,296745,all,,1.07,189,47,46,22,1.02,71%,124,33%,2,5,bo3
xffero,RRQ,https://www.vlr.gg/player/4871/xffero,Pacific,296745,all,,1.02,217,52,54,29,0.96,72%,137,24%,4,5,bo3
Jemkin,RRQ,https://www.vlr.gg/player/24895/jemkin,Pacific,296745,all,,0.92,215,54,54,6,1.0,67%,130,28%,10,12,bo3
fl1pzjder,RRQ,https://www.vlr.gg/player/7045/fl1pzjder,Pacific,296745,all,,0.92,186,43,52,25,0.83,77%,118,32%,4,9,bo3
Lmemore,RRQ,https://www.vlr.gg/player/7764/lmemore,Pacific,296745,all,,0.89,190,48,52,7,0.92,62%,129,37%,6,12,bo3
yuran,ZETA,https://www.vlr.gg/player/29840/yuran,Pacific,296730,all,,1.38,240,38,23,12,1.65,74%,159,28%,7,4,bo3
hiroronn,ZETA,https://www.vlr.gg/player/10588/hiroronn,Pacific,296730,all,,1.34,213,32,21,16,1.52,72%,154,27%,2,4,bo3
Dep,ZETA,https://www.vlr.gg/player/424/dep,Pacific,296730,all,,1.2,237,37,28,6,1.32,72%,154,27%,7,6,bo3
SugarZ3ro,ZETA,https://www.vlr.gg/player/6668/sugarz3ro,Pacific,296730,all,,1.15,168,26,21,18,1.24,81%,115,26%,1,4,bo3
Laz,ZETA,https://www.vlr.gg/player/999/laz,Pacific,296730,all,,0.89,169,28,27,6,1.04,67%,116,31%,5,3,bo3
Polvi,GE,https://www.vlr.gg/player/1839/polvi,Pacific,296730,all,,0.88,221,31,34,3,0.91,67%,152,21%,11,8,bo3
Lightningfast,GE,https://www.vlr.gg/player/3626/lightningfast,Pacific,296730,all,,0.81,182,27,33,5,0.82,60%,117,35%,5,4,bo3
blaZek1ng,GE,https://www.vlr.gg/player/1743/blazek1ng,Pacific,296730,all,,0.77,165,24,33,7,0.73,72%,117,38%,2,3,bo3
Russ,GE,https://www.vlr.gg/player/1162/russ,Pacific,296730,all,,0.65,144,21,32,13,0.66,65%,89,23%,3,2,bo3
Benkai,GE,https://www.vlr.gg/player/9802/benkai,Pacific,296730,all,,0.63,113,17,29,5,0.59,53%,85,24%,0,5,bo3
Jremy,TS,https://www.vlr.gg/player/7405/jremy,Pacific,296731,all,,1.01,223,28,30,6,0.93,65%,152,31%,5,8,bo3
JessieVash,TS,https://www.vlr.gg/player/2334/jessievash,Pacific,296731,all,,0.97,177,23,28,8,0.82,54%,125,32%,2,4,bo3
BORKUM,TS,https://www.vlr.gg/player/2333/borkum,Pacific,296731,all,,0.75,155,17,30,14,0.57,62%,110,18%,3,4,bo3
invy,TS,https://www.vlr.gg/player/8504/invy,Pacific,296731,all,,0.66,125,17,30,10,0.57,59%,85,20%,2,4,bo3
NDG,TS,https://www.vlr.gg/player/12322/ndg,Pacific,296731,all,,0.44,94,9,30,8,0.3,62%,71,24%,1,4,bo3
Governor,TLN,https://www.vlr.gg/player/3980/governor,Pacific,296731,all,,1.73,341,46,19,12,2.42,84%,205,22%,11,6,bo3
lenne,TLN,https://www.vlr.gg/player/8137/lenne,Pacific,296731,all,,1.4,216,27,14,18,1.93,89%,136,15%,4,2,bo3
ban,TLN,https://www.vlr.gg/player/5129/ban,Pacific,296731,all,,1.21,247,34,24,15,1.42,81%,149,27%,5,1,bo3
JitBoyS,TLN,https://www.vlr.gg/player/13788/jitboys,Pacific,296731,all,,1.13,185,22,16,11,1.38,78%,126,26%,2,1,bo3
Crws,TLN,https://www.vlr.gg/player/3977/crws,Pacific,296731,all,,0.83,138,19,21,12,0.9,81%,92,21%,2,3,bo3
Flashback,KRX,https://www.vlr.gg/player/35013/flashback,Pacific,296736,all,,1.25,219,37,23,5,1.61,71%,146,39%,2,6,bo3
MaKo,KRX,https://www.vlr.gg/player/4462/mako,Pacific,296736,all,,1.17,213,35,27,12,1.3,81%,143,30%,5,0,bo3
stax,KRX,https://www.vlr.gg/player/485/stax,Pacific,296736,all,,1.11,182,30,23,7,1.3,71%,119,32%,4,3,bo3
BuZz,KRX,https://www.vlr.gg/player/804/buzz,Pacific,296736,all,,1.09,243,36,31,12,1.16,86%,156,28%,5,4,bo3
Foxy9,KRX,https://www.vlr.gg/player/11600/foxy9,Pacific,296736,all,,1.0,209,32,27,4,1.19,79%,126,26%,7,6,bo3
Meiy,DFM,https://www.vlr.gg/player/6672/meiy,Pacific,296736,all,,0.99,246,33,36,11,0.92,74%,166,24%,10,7,bo3
Medusa,DFM,https://www.vlr.gg/player/993/medusa,Pacific,296736,all,,0.85,168,27,32,2,0.84,60%,115,41%,3,3,bo3
Anthem,DFM,https://www.vlr.gg/player/6700/anthem,Pacific,296736,all,,0.81,149,20,32,18,0.62,71%,105,26%,2,4,bo3
SSeeS,DFM,https://www.vlr.gg/player/21438/ssees,Pacific,296736,all,,0.75,180,28,35,10,0.8,76%,106,39%,2,4,bo3
neth,DFM,https://www.vlr.gg/player/1970/neth,Pacific,296736,all,,0.72,155,23,35,8,0.66,55%,102,30%,2,5,bo3
t3xture,GEN,https://www.vlr.gg/player/9196/t3xture,Pacific,296747,all,,1.19,260,65,51,11,1.27,73%,167,27%,11,11,bo3
Karon,GEN,https://www.vlr.gg/player/34974/karon,Pacific,296747,all,,1.11,219,53,48,24,1.1,76%,136,37%,4,3,bo3
Meteor,GEN,https://www.vlr.gg/player/13039/meteor,Pacific,296747,all,,0.9,188,45,50,8,0.9,67%,135,29%,8,3,bo3
Lakia,GEN,https://www.vlr.gg/player/773/lakia,Pacific,296747,all,,0.76,179,38,53,22,0.72,65%,112,27%,5,7,bo3
Munchkin,GEN,https://www.vlr.gg/player/2489/munchkin,Pacific,296747,all,,0.67,149,34,51,17,0.67,50%,103,24%,2,12,bo3
something,PRX,https://www.vlr.gg/player/17086/something,Pacific,296747,all,,1.37,266,60,44,21,1.36,83%,178,19%,13,7,bo3
d4v41,PRX,https://www.vlr.gg/player/9803/d4v41,Pacific,296747,all,,1.26,230,56,41,17,1.37,68%,167,34%,3,5,bo3
Monyet,PRX,https://www.vlr.gg/player/8497/monyet,Pacific,296747,all,,1.02,206,50,51,21,0.98,80%,139,27%,7,8,bo3
f0rsakeN,PRX,https://www.vlr.gg/player/9801/f0rsaken,Pacific,296747,all,,1.01,229,53,50,20,1.06,73%,148,31%,10,7,bo3
mindfreak,PRX,https://www.vlr.gg/player/9800/mindfreak,Pacific,296747,all,,0.74,149,34,49,17,0.69,64%,107,24%,3,3,bo3
Egoist,BLD,https://www.vlr.gg/player/2362/egoist,Pacific,296738,all,,1.28,234,61,45,17,1.36,78%,151,27%,5,3,bo3
Deryeon,BLD,https://www.vlr.gg/player/9152/deryeon,Pacific,296738,all,,1.15,249,58,52,18,1.12,70%,156,19%,13,10,bo3
sScary,BLD,https://www.vlr.gg/player/4382/sscary,Pacific,296738,all,,1.03,159,36,38,32,0.95,80%,110,26%,7,6,bo3
yay,BLD,https://www.vlr.gg/player/881/yay,Pacific,296738,all,,0.73,148,35,49,18,0.71,64%,102,27%,4,8,bo3
crazyguy,BLD,https://www.vlr.gg/player/1430/crazyguy,Pacific,296738,all,,0.7,155,35,50,17,0.7,65%,108,31%,6,8,bo3
Benkai,GE,https://www.vlr.gg/player/9802/benkai,Pacific,296738,all,,1.14,217,54,43,10,1.26,74%,141,27%,4,4,bo3
blaZek1ng,GE,https://www.vlr.gg/player/1743/blazek1ng,Pacific,296738,all,,1.13,228,56,41,20,1.37,72%,145,25%,4,7,bo3
Russ,GE,https://www.vlr.gg/player/1162/russ,Pacific,296738,all,,1.01,181,43,43,27,1.0,72%,117,35%,6,7,bo3
Polvi,GE,https://www.vlr.gg/player/1839/polvi,Pacific,296738,all,,0.88,206,46,54,13,0.85,71%,140,22%,17,13,bo3
Lightningfast,GE,https://www.vlr.gg/player/3626/lightningfast,Pacific,296738,all,,0.79,139,35,45,18,0.78,71%,96,40%,3,3,bo3
xccurate,T1,https://www.vlr.gg/player/10816/xccurate,Pacific,296737,all,,1.22,263,57,40,12,1.43,74%,160,28%,10,3,bo3
Sayaplayer,T1,https://www.vlr.gg/player/4545/sayaplayer,Pacific,296737,all,,1.22,222,51,35,5,1.46,77%,149,35%,10,9,bo3
Rossy,T1,https://www.vlr.gg/player/1129/rossy,Pacific,296737,all,,1.13,211,48,35,12,1.37,80%,126,17%,4,3,bo3
iZu,T1,https://www.vlr.gg/player/29833/izu,Pacific,296737,all,,1.1,194,41,37,31,1.11,80%,121,28%,6,3,bo3
carpe,T1,https://www.vlr.gg/player/31207/carpe,Pacific,296737,all,,0.8,175,35,44,22,0.8,80%,119,20%,6,7,bo3
Dep,ZETA,https://www.vlr.gg/player/424/dep,Pacific,296737,all,,1.06,233,51,46,8,1.11,64%,148,25%,15,13,bo3
SugarZ3ro,ZETA,https://www.vlr.gg/player/6668/sugarz3ro,Pacific,296737,all,,0.99,163,36,41,24,0.88,59%,109,33%,0,3,bo3
Laz,ZETA,https://www.vlr.gg/player/999/laz,Pacific,296737,all,,0.84,171,33,47,13,0.7,66%,124,22%,1,4,bo3
yuran,ZETA,https://www.vlr.gg/player/29840/yuran,Pacific,296737,all,,0.8,166,34,50,25,0.68,67%,111,23%,3,4,bo3
hiroronn,ZETA,https://www.vlr.gg/player/10588/hiroronn,Pacific,296737,all,,0.8,175,37,48,22,0.77,57%,117,31%,6,12,bo3
Meiy,DFM,https://www.vlr.gg/player/6672/meiy,Pacific,296733,all,,1.25,261,42,32,4,1.31,66%,161,27%,8,7,bo3
SSeeS,DFM,https://www.vlr.gg/player/21438/ssees,Pacific,296733,all,,1.08,160,25,28,19,0.89,66%,107,33%,1,3,bo3
Medusa,DFM,https://www.vlr.gg/player/993/medusa,Pacific,296733,all,,0.9,186,27,32,7,0.84,61%,130,38%,7,4,bo3
neth,DFM,https://www.vlr.gg/player/1970/neth,Pacific,296733,all,,0.89,189,27,32,11,0.84,68%,127,25%,2,5,bo3
Anthem,DFM,https://www.vlr.gg/player/6700/anthem,Pacific,296733,all,,0.62,128,18,35,22,0.51,64%,99,31%,3,4,bo3
Jremy,TS,https://www.vlr.gg/player/7405/jremy,Pacific,296733,all,,1.3,262,46,29,5,1.59,75%,169,29%,10,8,bo3
NDG,TS,https://www.vlr.gg/player/12322/ndg,Pacific,296733,all,,1.06,203,33,26,9,1.27,75%,133,27%,4,5,bo3
BORKUM,TS,https://www.vlr.gg/player/2333/borkum,Pacific,296733,all,,0.98,189,28,28,14,1.0,66%,132,30%,5,4,bo3
invy,TS,https://www.vlr.gg/player/8504/invy,Pacific,296733,all,,0.96,182,27,29,16,0.93,75%,118,21%,2,2,bo3
JessieVash,TS,https://www.vlr.gg/player/2334/jessievash,Pacific,296733,all,,0.96,154,25,27,11,0.93,70%,110,31%,2,2,bo3
Foxy9,KRX,https://www.vlr.gg/player/11600/foxy9,Pacific,296732,all,,1.29,238,40,26,11,1.54,84%,141,35%,8,5,bo3
MaKo,KRX,https://www.vlr.gg/player/4462/mako,Pacific,296732,all,,1.17,175,27,22,21,1.23,91%,128,35%,2,1,bo3
BuZz,KRX,https://www.vlr.gg/player/804/buzz,Pacific,296732,all,,1.17,246,35,31,13,1.13,82%,161,22%,11,4,bo3
Flashback,KRX,https://www.vlr.gg/player/35013/flashback,Pacific,296732,all,,1.03,208,33,29,7,1.14,68%,153,40%,3,4,bo3
stax,KRX,https://www.vlr.gg/player/485/stax,Pacific,296732,all,,1.03,164,29,25,13,1.16,64%,108,33%,2,4,bo3
JitBoyS,TLN,https://www.vlr.gg/player/13788/jitboys,Pacific,296732,all,,1.32,258,42,32,5,1.31,75%,164,43%,3,3,bo3
Crws,TLN,https://www.vlr.gg/player/3977/crws,Pacific,296732,all,,0.81,153,24,30,13,0.8,66%,103,21%,1,6,bo3
Governor,TLN,https://www.vlr.gg/player/3980/governor,Pacific,296732,all,,0.81,212,33,37,7,0.89,73%,137,13%,9,9,bo3
ban,TLN,https://www.vlr.gg/player/5129/ban,Pacific,296732,all,,0.79,138,20,29,16,0.69,70%,86,31%,3,4,bo3
lenne,TLN,https://www.vlr.gg/player/8137/lenne,Pacific,296732,all,,0.5,117,14,36,14,0.39,64%,90,18%,2,4,bo3
t3xture,GEN,https://www.vlr.gg/player/9196/t3xture,Pacific,296749,all,,1.26,255,66,45,2,1.47,72%,161,27%,12,7,bo3
Meteor,GEN,https://www.vlr.gg/player/13039/meteor,Pacific,296749,all,,1.1,223,55,44,11,1.25,81%,146,29%,5,6,bo3
Karon,GEN,https://www.vlr.gg/player/34974/karon,Pacific,296749,all,,1.1,186,42,41,30,1.02,73%,123,35%,7,5,bo3
Lakia,GEN,https://www.vlr.gg/player/773/lakia,Pacific,296749,all,,0.97,185,43,44,21,0.98,79%,126,32%,7,7,bo3
Munchkin,GEN,https://www.vlr.gg/player/2489/munchkin,Pacific,296749,all,,0.79,158,36,45,28,0.8,73%,105,20%,4,7,bo3
Jemkin,RRQ,https://www.vlr.gg/player/24895/jemkin,Pacific,296749,all,,1.28,258,64,47,11,1.36,69%,163,31%,8,4,bo3
xffero,RRQ,https://www.vlr.gg/player/4871/xffero,Pacific,296749,all,,1.01,184,44,46,21,0.96,72%,120,40%,7,6,bo3
Estrella,RRQ,https://www.vlr.gg/player/25025/estrella,Pacific,296749,all,,0.84,164,36,47,19,0.77,63%,104,26%,5,6,bo3
fl1pzjder,RRQ,https://www.vlr.gg/player/7045/fl1pzjder,Pacific,296749,all,,0.75,143,34,47,13,0.72,61%,88,21%,4,4,bo3
Lmemore,RRQ,https://www.vlr.gg/player/7764/lmemore,Pacific,296749,all,,0.72,179,41,55,11,0.75,66%,118,28%,8,15,bo3
JitBoyS,TLN,https://www.vlr.gg/player/13788/jitboys,Pacific,296734,all,,1.15,243,37,33,4,1.12,71%,163,38%,2,4,bo3
ban,TLN,https://www.vlr.gg/player/5129/ban,Pacific,296734,all,,0.82,202,26,35,11,0.74,68%,130,22%,7,6,bo3
Governor,TLN,https://www.vlr.gg/player/3980/governor,Pacific,296734,all,,0.78,189,24,33,9,0.73,56%,124,15%,3,11,bo3
lenne,TLN,https://www.vlr.gg/player/8137/lenne,Pacific,296734,all,,0.68,154,20,35,9,0.57,66%,104,19%,1,3,bo3
Crws,TLN,https://www.vlr.gg/player/3977/crws,Pacific,296734,all,,0.44,98,14,33,10,0.42,56%,65,30%,1,3,bo3
invy,TS,https://www.vlr.gg/player/8504/invy,Pacific,296734,all,,1.52,276,47,24,15,1.96,83%,189,27%,5,1,bo3
BORKUM,TS,https://www.vlr.gg/player/2333/borkum,Pacific,296734,all,,1.39,233,34,25,35,1.36,83%,146,24%,5,2,bo3
Jremy,TS,https://www.vlr.gg/player/7405/jremy,Pacific,296734,all,,1.17,220,34,25,5,1.36,78%,139,32%,10,4,bo3
NDG,TS,https://www.vlr.gg/player/12322/ndg,Pacific,296734,all,,1.15,204,27,24,16,1.12,98%,149,17%,2,3,bo3
JessieVash,TS,https://www.vlr.gg/player/2334/jessievash,Pacific,296734,all,,1.11,193,27,23,19,1.17,83%,125,22%,5,4,bo3
Dep,ZETA,https://www.vlr.gg/player/424/dep,Pacific,296739,all,,1.46,339,46,22,6,2.09,84%,218,25%,13,3,bo3
Laz,ZETA,https://www.vlr.gg/player/999/laz,Pacific,296739,all,,1.34,221,32,15,8,2.13,78%,139,27%,3,2,bo3
yuran,ZETA,https://www.vlr.gg/player/29840/yuran,Pacific,296739,all,,1.32,248,32,19,7,1.68,78%,156,35%,5,1,bo3
hiroronn,ZETA,https://www.vlr.gg/player/10588/hiroronn,Pacific,296739,all,,1.22,174,26,15,7,1.73,78%,115,37%,3,2,bo3
SugarZ3ro,ZETA,https://www.vlr.gg/player/6668/sugarz3ro,Pacific,296739,all,,0.85,111,16,19,18,0.84,70%,82,28%,1,4,bo3
blaZek1ng,GE,https://www.vlr.gg/player/1743/blazek1ng,Pacific,296739,all,,0.89,151,17,26,6,0.65,57%,113,32%,2,3,bo3
Benkai,GE,https://www.vlr.gg/player/9802/benkai,Pacific,296739,all,,0.75,163,18,29,5,0.62,54%,97,22%,0,6,bo3
Lightningfast,GE,https://www.vlr.gg/player/3626/lightningfast,Pacific,296739,all,,0.71,147,18,32,10,0.56,54%,105,38%,1,2,bo3
Russ,GE,https://www.vlr.gg/player/1162/russ,Pacific,296739,all,,0.69,157,20,32,9,0.62,57%,90,37%,2,5,bo3
Polvi,GE,https://www.vlr.gg/player/1839/polvi,Pacific,296739,all,,0.57,161,17,33,5,0.52,43%,109,16%,7,9,bo3
invy,TS,https://www.vlr.gg/player/8504/invy,Pacific,297254,all,,1.33,237,59,41,20,1.44,75%,162,36%,4,5,bo3
Jremy,TS,https://www.vlr.gg/player/7405/jremy,Pacific,297254,all,,1.12,259,57,51,16,1.12,75%,160,25%,18,13,bo3
NDG,TS,https://www.vlr.gg/player/12322/ndg,Pacific,297254,all,,1.05,183,45,40,13,1.12,75%,130,17%,3,7,bo3
JessieVash,TS,https://www.vlr.gg/player/2334/jessievash,Pacific,297254,all,,0.95,196,43,41,25,1.05,72%,128,24%,3,3,bo3
BORKUM,TS,https://www.vlr.gg/player/2333/borkum,Pacific,297254,all,,0.94,165,41,43,22,0.95,66%,109,19%,8,4,bo3
Munchkin,GEN,https://www.vlr.gg/player/2489/munchkin,Pacific,297254,all,,1.17,210,50,46,24,1.09,68%,140,22%,5,7,bo3
Meteor,GEN,https://www.vlr.gg/player/13039/meteor,Pacific,297254,all,,1.06,224,54,50,6,1.08,62%,153,32%,8,6,bo3
Karon,GEN,https://www.vlr.gg/player/34974/karon,Pacific,297254,all,,0.95,185,42,48,27,0.88,72%,119,39%,9,2,bo3
t3xture,GEN,https://www.vlr.gg/player/9196/t3xture,Pacific,297254,all,,0.79,179,41,51,11,0.8,65%,124,31%,8,13,bo3
Lakia,GEN,https://www.vlr.gg/player/773/lakia,Pacific,297254,all,,0.66,140,29,50,19,0.58,66%,87,27%,2,8,bo3
Dep,ZETA,https://www.vlr.gg/player/424/dep,Pacific,297253,all,,0.93,257,29,31,2,0.94,63%,153,22%,6,7,bo3
SugarZ3ro,ZETA,https://www.vlr.gg/player/6668/sugarz3ro,Pacific,297253,all,,0.85,186,23,29,14,0.79,66%,125,26%,1,3,bo3
yuran,ZETA,https://www.vlr.gg/player/29840/yuran,Pacific,297253,all,,0.75,184,19,29,15,0.66,77%,128,23%,1,4,bo3
hiroronn,ZETA,https://www.vlr.gg/player/10588/hiroronn,Pacific,297253,all,,0.65,162,20,33,12,0.61,63%,102,25%,2,4,bo3
Laz,ZETA,https://www.vlr.gg/player/999/laz,Pacific,297253,all,,0.62,138,16,29,6,0.55,57%,99,21%,3,4,bo3
invy,TS,https://www.vlr.gg/player/8504/invy,Pacific,297253,all,,1.45,228,31,20,23,1.55,86%,155,33%,3,1,bo3
JessieVash,TS,https://www.vlr.gg/player/2334/jessievash,Pacific,297253,all,,1.31,210,26,18,18,1.44,91%,142,25%,2,4,bo3
NDG,TS,https://www.vlr.gg/player/12322/ndg,Pacific,297253,all,,1.3,208,29,18,3,1.61,80%,140,25%,1,1,bo3
Jremy,TS,https://www.vlr.gg/player/7405/jremy,Pacific,297253,all,,1.27,318,37,28,10,1.32,83%,203,27%,13,5,bo3
BORKUM,TS,https://www.vlr.gg/player/2333/borkum,Pacific,297253,all,,1.1,228,28,23,21,1.22,86%,128,15%,3,2,bo3
Karon,GEN,https://www.vlr.gg/player/34974/karon,Pacific,297255,all,,1.58,236,30,15,22,2.0,86%,175,42%,2,1,bo3
Meteor,GEN,https://www.vlr.gg/player/13039/meteor,Pacific,297255,all,,1.54,301,41,21,4,1.95,78%,188,21%,3,6,bo3
t3xture,GEN,https://www.vlr.gg/player/9196/t3xture,Pacific,297255,all,,1.24,239,30,23,7,1.3,75%,154,45%,7,2,bo3
Lakia,GEN,https://www.vlr.gg/player/773/lakia,Pacific,297255,all,,1.22,218,30,21,12,1.43,75%,150,24%,3,2,bo3
Munchkin,GEN,https://www.vlr.gg/player/2489/munchkin,Pacific,297255,all,,0.9,174,23,22,18,1.05,81%,111,24%,5,5,bo3
Laz,ZETA,https://www.vlr.gg/player/999/laz,Pacific,297255,all,,0.97,210,28,29,1,0.97,64%,137,30%,5,2,bo3
hiroronn,ZETA,https://www.vlr.gg/player/10588/hiroronn,Pacific,297255,all,,0.75,175,20,31,11,0.65,67%,121,27%,3,2,bo3
SugarZ3ro,ZETA,https://www.vlr.gg/player/6668/sugarz3ro,Pacific,297255,all,,0.68,151,17,30,10,0.57,61%,94,27%,0,2,bo3
yuran,ZETA,https://www.vlr.gg/player/29840/yuran,Pacific,297255,all,,0.58,139,16,32,9,0.5,64%,95,26%,3,4,bo3
Dep,ZETA,https://www.vlr.gg/player/424/dep,Pacific,297255,all,,0.55,166,21,32,4,0.66,50%,101,46%,5,10,bo3
Rossy,T1,https://www.vlr.gg/player/1129/rossy,Pacific,297256,all,,1.15,227,37,33,15,1.12,86%,140,24%,4,3,bo3
Sayaplayer,T1,https://www.vlr.gg/player/4545/sayaplayer,Pacific,297256,all,,1.02,216,39,34,3,1.15,73%,123,16%,14,5,bo3
xccurate,T1,https://www.vlr.gg/player/10816/xccurate,Pacific,297256,all,,0.98,202,35,36,14,0.97,76%,136,32%,2,0,bo3
iZu,T1,https://www.vlr.gg/player/29833/izu,Pacific,297256,all,,0.97,208,37,36,13,1.03,69%,144,33%,6,5,bo3
carpe,T1,https://www.vlr.gg/player/31207/carpe,Pacific,297256,all,,0.44,120,19,41,11,0.46,65%,84,22%,3,7,bo3
f0rsakeN,PRX,https://www.vlr.gg/player/9801/f0rsaken,Pacific,297256,all,,1.38,292,54,35,16,1.54,88%,173,34%,6,8,bo3
mindfreak,PRX,https://www.vlr.gg/player/9800/mindfreak,Pacific,297256,all,,1.32,197,40,27,12,1.48,73%,137,25%,1,1,bo3
something,PRX,https://www.vlr.gg/player/17086/something,Pacific,297256,all,,1.04,185,35,30,9,1.17,76%,106,23%,4,8,bo3
d4v41,PRX,https://www.vlr.gg/player/9803/d4v41,Pacific,297256,all,,1.02,193,28,33,33,0.85,80%,128,25%,2,4,bo3
Monyet,PRX,https://www.vlr.gg/player/8497/monyet,Pacific,297256,all,,0.62,160,23,42,18,0.55,63%,115,15%,7,8,bo3
MaKo,KRX,https://www.vlr.gg/player/4462/mako,Pacific,297257,all,,1.18,236,37,36,22,1.03,81%,153,28%,6,2,bo3
stax,KRX,https://www.vlr.gg/player/485/stax,Pacific,297257,all,,0.96,178,29,33,19,0.88,74%,120,32%,4,0,bo3
Flashback,KRX,https://www.vlr.gg/player/35013/flashback,Pacific,297257,all,,0.92,175,32,33,9,0.97,64%,121,30%,4,7,bo3
BuZz,KRX,https://www.vlr.gg/player/804/buzz,Pacific,297257,all,,0.85,215,34,42,13,0.81,70%,130,20%,7,4,bo3
Foxy9,KRX,https://www.vlr.gg/player/11600/foxy9,Pacific,297257,all,,0.73,156,24,36,15,0.67,62%,102,32%,6,7,bo3
Karon,GEN,https://www.vlr.gg/player/34974/karon,Pacific,297257,all,,1.38,224,38,27,18,1.41,83%,160,28%,0,1,bo3
t3xture,GEN,https://www.vlr.gg/player/9196/t3xture,Pacific,297257,all,,1.21,263,45,34,11,1.32,83%,174,29%,5,11,bo3
Munchkin,GEN,https://www.vlr.gg/player/2489/munchkin,Pacific,297257,all,,1.13,206,34,27,17,1.26,81%,142,18%,11,4,bo3
Meteor,GEN,https://www.vlr.gg/player/13039/meteor,Pacific,297257,all,,0.99,196,35,34,8,1.03,68%,131,33%,3,3,bo3
Lakia,GEN,https://www.vlr.gg/player/773/lakia,Pacific,297257,all,,0.79,159,28,34,14,0.82,77%,107,22%,1,8,bo3
mindfreak,PRX,https://www.vlr.gg/player/9800/mindfreak,Pacific,297258,all,,1.18,216,58,51,19,1.14,71%,144,32%,3,4,bo5
something,PRX,https://www.vlr.gg/player/17086/something,Pacific,297258,all,,1.02,213,58,63,17,0.92,72%,138,25%,16,6,bo5
d4v41,PRX,https://www.vlr.gg/player/9803/d4v41,Pacific,297258,all,,0.94,172,46,57,35,0.81,74%,120,31%,4,4,bo5
f0rsakeN,PRX,https://www.vlr.gg/player/9801/f0rsaken,Pacific,297258,all,,0.77,179,44,59,15,0.75,63%,111,24%,8,8,bo5
Monyet,PRX,https://www.vlr.gg/player/8497/monyet,Pacific,297258,all,,0.67,162,41,59,11,0.69,66%,108,20%,5,18,bo5
Karon,GEN,https://www.vlr.gg/player/34974/karon,Pacific,297258,all,,1.29,214,64,43,25,1.49,83%,143,36%,4,5,bo5
t3xture,GEN,https://www.vlr.gg/player/9196/t3xture,Pacific,297258,all,,1.22,249,65,48,17,1.35,76%,163,31%,11,11,bo5
Munchkin,GEN,https://www.vlr.gg/player/2489/munchkin,Pacific,297258,all,,1.16,217,61,49,22,1.24,78%,144,25%,9,5,bo5
Meteor,GEN,https://www.vlr.gg/player/13039/meteor,Pacific,297258,all,,0.93,205,51,52,16,0.98,75%,140,25%,9,8,bo5
Lakia,GEN,https://www.vlr.gg/player/773/lakia,Pacific,297258,all,,0.86,176,48,55,28,0.87,80%,118,26%,7,7,bo5
